{
  "generator-jhipster": {
    "applicationType": "monolith",
    "authenticationType": "jwt",
    "baseName": "jhipsterSampleApplication",
    "blueprints": [],
    "buildTool": "maven",
    "cacheProvider": "ehcache",
    "clientFramework": "react",
    "clientPackageManager": "npm",
    "creationTimestamp": 1699063195235,
    "databaseType": "sql",
    "devDatabaseType": "h2Memory",
    "devServerPort": 9060,
    "enableHibernateCache": true,
    "enableSwaggerCodegen": false,
    "enableTranslation": true,
    "entities": [],
    "gitCompany": "",
    "jhiPrefix": "jhi",
    "jhipsterVersion": "8.0.0",
    "jwtSecretKey": "YWZkNDVkMDRlMzMzNDIzMzRiMWI1ODUyZGNlNDhiYjJiNDYwNTIxMDFlMWIzNjA5YmQxOTA5YmUxNmI3MjczNjdiODQyNTdmNjE2ZDA1ZWE1OTA4MzZmYzRmZWFhYmM5NTM1ZDlmNmQ1NDA3YzAwMjUxMWJlODYzYTE2ZGNmZWU=",
    "languages": ["en"],
    "messageBroker": false,
    "nativeLanguage": "en",
    "packageFolder": "com/mycompany/myapp",
    "packageName": "com.mycompany.myapp",
    "prodDatabaseType": "postgresql",
    "searchEngine": false,
    "serverPort": 8080,
    "serviceDiscoveryType": false,
    "testFrameworks": [],
    "useSass": true,
    "websocket": false,
    "withAdminUi": true
  }
}
